{"cameraMode":{"drawMode":0,"name":"Shaded","section":"Shading Mode"},"sceneLighting":false,"audioPlay":false,"sceneViewState":{"showFog":true,"showMaterialUpdate":false,"showSkybox":true,"showFlares":true,"showImageEffects":true,"showParticleSystems":true},"in2DMode":false,"pivot":{"x":17.419490814208986,"y":11.99997329711914,"z":0.0},"rotation":{"x":0.007498022168874741,"y":0.022497503086924554,"z":-0.00016873535059858114,"w":0.9997197389602661},"size":8.033123016357422,"orthographic":true}