{"cameraMode":{"drawMode":0,"name":"Shaded","section":"Shading Mode"},"sceneLighting":false,"audioPlay":false,"sceneViewState":{"showFog":true,"showMaterialUpdate":false,"showSkybox":true,"showFlares":true,"showImageEffects":true,"showParticleSystems":true},"in2DMode":false,"pivot":{"x":16.51513671875,"y":9.095703125,"z":3.52734375},"rotation":{"x":-0.10925371944904328,"y":0.022363392636179925,"z":0.002458627335727215,"w":0.9937596917152405},"size":23.616710662841798,"orthographic":true}