{"cameraMode":{"drawMode":0,"name":"Shaded","section":"Shading Mode"},"sceneLighting":false,"audioPlay":false,"sceneViewState":{"showFog":true,"showMaterialUpdate":false,"showSkybox":true,"showFlares":true,"showImageEffects":true,"showParticleSystems":true},"in2DMode":false,"pivot":{"x":11.695191383361817,"y":7.587404251098633,"z":8.799518585205079},"rotation":{"x":-0.03595583140850067,"y":-0.04495585709810257,"z":-0.0016191245522350073,"w":0.998343288898468},"size":31.968158721923829,"orthographic":false}