{"cameraMode":{"drawMode":0,"name":"Shaded","section":"Shading Mode"},"sceneLighting":false,"audioPlay":false,"sceneViewState":{"showFog":true,"showMaterialUpdate":false,"showSkybox":true,"showFlares":true,"showImageEffects":true,"showParticleSystems":true},"in2DMode":false,"pivot":{"x":10.7978515625,"y":9.5185546875,"z":2.80078125},"rotation":{"x":-0.10925371944904328,"y":0.022363392636179925,"z":0.002458627335727215,"w":0.9937596917152405},"size":24.59383201599121,"orthographic":true}