{"cameraMode":{"drawMode":0,"name":"Shaded","section":"Shading Mode"},"sceneLighting":false,"audioPlay":false,"sceneViewState":{"showFog":true,"showMaterialUpdate":false,"showSkybox":true,"showFlares":true,"showImageEffects":true,"showParticleSystems":true},"in2DMode":false,"pivot":{"x":115.66673278808594,"y":-1.07080078125,"z":0.3232421875},"rotation":{"x":0.6626549363136292,"y":-0.013478240929543972,"z":0.011929106898605824,"w":0.7487107515335083},"size":4.311371803283691,"orthographic":true}