{"cameraMode":{"drawMode":0,"name":"Shaded","section":"Shading Mode"},"sceneLighting":false,"audioPlay":false,"sceneViewState":{"showFog":true,"showMaterialUpdate":false,"showSkybox":true,"showFlares":true,"showImageEffects":true,"showParticleSystems":true},"in2DMode":false,"pivot":{"x":17.457042694091798,"y":3.959372043609619,"z":9.582098007202149},"rotation":{"x":-0.03595583140850067,"y":-0.04495585709810257,"z":-0.0016191245522350073,"w":0.998343288898468},"size":30.099454879760743,"orthographic":false}