{"cameraMode":{"drawMode":0,"name":"Shaded","section":"Shading Mode"},"sceneLighting":false,"audioPlay":false,"sceneViewState":{"showFog":true,"showMaterialUpdate":false,"showSkybox":true,"showFlares":true,"showImageEffects":true,"showParticleSystems":true},"in2DMode":false,"pivot":{"x":16.51342010498047,"y":3.0500307083129885,"z":4.065694808959961},"rotation":{"x":-0.04947187751531601,"y":-0.017977088689804078,"z":-0.0008905597496777773,"w":0.9986165165901184},"size":24.181291580200197,"orthographic":false}