{"cameraMode":{"drawMode":0,"name":"Shaded","section":"Shading Mode"},"sceneLighting":true,"audioPlay":false,"sceneViewState":{"showFog":true,"showMaterialUpdate":false,"showSkybox":true,"showFlares":true,"showImageEffects":true,"showParticleSystems":true},"in2DMode":false,"pivot":{"x":11.8679780960083,"y":5.9272284507751469,"z":0.16893577575683595},"rotation":{"x":-0.0059874881990253929,"y":-0.06445412337779999,"z":-0.0003867294581141323,"w":0.9979026913642883},"size":17.99972152709961,"orthographic":false}