{"cameraMode":{"drawMode":0,"name":"Shaded","section":"Shading Mode"},"sceneLighting":false,"audioPlay":false,"sceneViewState":{"showFog":true,"showMaterialUpdate":false,"showSkybox":true,"showFlares":true,"showImageEffects":true,"showParticleSystems":true},"in2DMode":false,"pivot":{"x":6.609858512878418,"y":4.142143249511719,"z":3.021883964538574},"rotation":{"x":-0.056966934353113177,"y":0.00898522324860096,"z":0.0005127512267790735,"w":0.9983380436897278},"size":18.662992477416993,"orthographic":false}