{"cameraMode":{"drawMode":0,"name":"Shaded","section":"Shading Mode"},"sceneLighting":false,"audioPlay":false,"sceneViewState":{"showFog":true,"showMaterialUpdate":false,"showSkybox":true,"showFlares":true,"showImageEffects":true,"showParticleSystems":true},"in2DMode":false,"pivot":{"x":-0.022910654544830323,"y":0.009444773197174073,"z":0.0057277679443359379},"rotation":{"x":-0.007499417290091515,"y":-0.011999459005892277,"z":-0.00009011704969452694,"w":0.9999009966850281},"size":4.075425624847412,"orthographic":true}