{"cameraMode":{"drawMode":0,"name":"Shaded","section":"Shading Mode"},"sceneLighting":false,"audioPlay":false,"sceneViewState":{"showFog":true,"showMaterialUpdate":false,"showSkybox":true,"showFlares":true,"showImageEffects":true,"showParticleSystems":true},"in2DMode":false,"pivot":{"x":15.015958786010743,"y":0.2290494441986084,"z":1.418076515197754},"rotation":{"x":0.07690075784921646,"y":-0.16080212593078614,"z":0.012568055652081967,"w":0.983907163143158},"size":19.356525421142579,"orthographic":false}