{"cameraMode":{"drawMode":0,"name":"Shaded","section":"Shading Mode"},"sceneLighting":true,"audioPlay":false,"sceneViewState":{"showFog":true,"showMaterialUpdate":false,"showSkybox":true,"showFlares":true,"showImageEffects":true,"showParticleSystems":true},"in2DMode":false,"pivot":{"x":9.646615982055664,"y":1.5719127655029297,"z":-6.13722038269043},"rotation":{"x":0.03756435588002205,"y":-0.9598236680030823,"z":0.15717120468616486,"w":0.22940562665462495},"size":40.33045959472656,"orthographic":false}