{"cameraMode":{"drawMode":0,"name":"Shaded","section":"Shading Mode"},"sceneLighting":false,"audioPlay":false,"sceneViewState":{"showFog":true,"showMaterialUpdate":false,"showSkybox":true,"showFlares":true,"showImageEffects":true,"showParticleSystems":true},"in2DMode":false,"pivot":{"x":19.7752628326416,"y":7.953751564025879,"z":3.464395523071289},"rotation":{"x":0.08781087398529053,"y":-0.1133081242442131,"z":0.010054036974906922,"w":0.9896214008331299},"size":23.19673728942871,"orthographic":false}