{"cameraMode":{"drawMode":0,"name":"Shaded","section":"Shading Mode"},"sceneLighting":false,"audioPlay":false,"sceneViewState":{"showFog":true,"showMaterialUpdate":false,"showSkybox":true,"showFlares":true,"showImageEffects":true,"showParticleSystems":true},"in2DMode":false,"pivot":{"x":431.79998779296877,"y":84.5999984741211,"z":0.0},"rotation":{"x":0.17311446368694306,"y":0.010340833105146885,"z":-0.001817687414586544,"w":0.9848495721817017},"size":630.9439697265625,"orthographic":true}