{"cameraMode":{"drawMode":0,"name":"Shaded","section":"Shading Mode"},"sceneLighting":false,"audioPlay":false,"sceneViewState":{"showFog":true,"showMaterialUpdate":false,"showSkybox":true,"showFlares":true,"showImageEffects":true,"showParticleSystems":true},"in2DMode":false,"pivot":{"x":-2.52044677734375,"y":5.2939453125,"z":-1.02734375},"rotation":{"x":0.029993971809744836,"y":0.010495258495211602,"z":-0.0003150019620079547,"w":0.9994972348213196},"size":17.71759605407715,"orthographic":true}