{"cameraMode":{"drawMode":0,"name":"Shaded","section":"Shading Mode"},"sceneLighting":false,"audioPlay":false,"sceneViewState":{"showFog":true,"showMaterialUpdate":false,"showSkybox":true,"showFlares":true,"showImageEffects":true,"showParticleSystems":true},"in2DMode":false,"pivot":{"x":12.451090812683106,"y":5.012490272521973,"z":0.843967080116272},"rotation":{"x":-0.06594639271497727,"y":0.013765701092779637,"z":-0.0009098106529563665,"w":-0.997728168964386},"size":24.105609893798829,"orthographic":true}