{"cameraMode":{"drawMode":0,"name":"Shaded","section":"Shading Mode"},"sceneLighting":false,"audioPlay":false,"sceneViewState":{"showFog":true,"showMaterialUpdate":false,"showSkybox":true,"showFlares":true,"showImageEffects":true,"showParticleSystems":true},"in2DMode":false,"pivot":{"x":8.139424324035645,"y":6.976506233215332,"z":4.403613090515137},"rotation":{"x":0.007496888283640146,"y":0.028495322912931443,"z":-0.0002137182600563392,"w":0.9995660781860352},"size":45.388877868652347,"orthographic":true}