{"cameraMode":{"drawMode":0,"name":"Shaded","section":"Shading Mode"},"sceneLighting":false,"audioPlay":false,"sceneViewState":{"showFog":true,"showMaterialUpdate":false,"showSkybox":true,"showFlares":true,"showImageEffects":true,"showParticleSystems":true},"in2DMode":false,"pivot":{"x":15.1533203125,"y":-0.606689453125,"z":0.37158203125},"rotation":{"x":-0.03748684003949165,"y":0.014989647082984448,"z":0.0005627772770822048,"w":0.9991891384124756},"size":2.816699981689453,"orthographic":true}