{"cameraMode":{"drawMode":0,"name":"Shaded","section":"Shading Mode"},"sceneLighting":false,"audioPlay":false,"sceneViewState":{"showFog":true,"showMaterialUpdate":false,"showSkybox":true,"showFlares":true,"showImageEffects":true,"showParticleSystems":true},"in2DMode":false,"pivot":{"x":492.688720703125,"y":57.64552688598633,"z":0.0},"rotation":{"x":-0.03748684003949165,"y":0.014989647082984448,"z":0.0005627772770822048,"w":0.9991891384124756},"size":408.3625183105469,"orthographic":true}