{"cameraMode":{"drawMode":0,"name":"Shaded","section":"Shading Mode"},"sceneLighting":false,"audioPlay":false,"sceneViewState":{"showFog":true,"showMaterialUpdate":false,"showSkybox":true,"showFlares":true,"showImageEffects":true,"showParticleSystems":true},"in2DMode":false,"pivot":{"x":-4.618799209594727,"y":8.597318649291993,"z":-0.234375},"rotation":{"x":-0.1419912874698639,"y":-0.019301138818264009,"z":-0.002769180340692401,"w":0.9896763563156128},"size":23.253215789794923,"orthographic":true}