{"cameraMode":{"drawMode":0,"name":"Shaded","section":"Shading Mode"},"sceneLighting":false,"audioPlay":false,"sceneViewState":{"showFog":true,"showMaterialUpdate":false,"showSkybox":true,"showFlares":true,"showImageEffects":true,"showParticleSystems":true},"in2DMode":false,"pivot":{"x":12.878851890563965,"y":6.3241496086120609,"z":0.0},"rotation":{"x":0.029989786446094514,"y":0.019489163532853128,"z":-0.0005805743858218193,"w":0.9993709921836853},"size":39.28620147705078,"orthographic":true}