{"cameraMode":{"drawMode":0,"name":"Shaded","section":"Shading Mode"},"sceneLighting":true,"audioPlay":false,"sceneViewState":{"showFog":true,"showMaterialUpdate":false,"showSkybox":true,"showFlares":true,"showImageEffects":true,"showParticleSystems":true},"in2DMode":false,"pivot":{"x":0.65106201171875,"y":3.849853515625,"z":2.53125},"rotation":{"x":0.01649877429008484,"y":-0.007498464081436396,"z":0.0001235628587892279,"w":0.9998373985290527},"size":26.397130966186525,"orthographic":true}