{"cameraMode":{"drawMode":0,"name":"Shaded","section":"Shading Mode"},"sceneLighting":false,"audioPlay":false,"sceneViewState":{"showFog":true,"showMaterialUpdate":false,"showSkybox":true,"showFlares":true,"showImageEffects":true,"showParticleSystems":true},"in2DMode":false,"pivot":{"x":5.1055908203125,"y":0.1571044921875,"z":-0.119873046875},"rotation":{"x":-0.06594639271497727,"y":0.013765701092779637,"z":-0.0009098106529563665,"w":-0.997728168964386},"size":2.34293794631958,"orthographic":true}