{"cameraMode":{"drawMode":0,"name":"Shaded","section":"Shading Mode"},"sceneLighting":true,"audioPlay":false,"sceneViewState":{"showFog":true,"showMaterialUpdate":false,"showSkybox":true,"showFlares":true,"showImageEffects":true,"showParticleSystems":true},"in2DMode":false,"pivot":{"x":338.864990234375,"y":183.77874755859376,"z":0.0},"rotation":{"x":0.05397285148501396,"y":-0.005990948062390089,"z":0.0003235338954254985,"w":0.9985271096229553},"size":173.8415069580078,"orthographic":true}