{"cameraMode":{"drawMode":0,"name":"Shaded","section":"Shading Mode"},"sceneLighting":true,"audioPlay":false,"sceneViewState":{"showFog":true,"showMaterialUpdate":false,"showSkybox":true,"showFlares":true,"showImageEffects":true,"showParticleSystems":true},"in2DMode":false,"pivot":{"x":15.15478515625,"y":6.8668212890625,"z":5.80859375},"rotation":{"x":-0.0029996903613209726,"y":0.01499966625124216,"z":0.00004517968773143366,"w":0.9998868703842163},"size":24.090919494628908,"orthographic":true}