{"cameraMode":{"drawMode":0,"name":"Shaded","section":"Shading Mode"},"sceneLighting":false,"audioPlay":false,"sceneViewState":{"showFog":true,"showMaterialUpdate":false,"showSkybox":true,"showFlares":true,"showImageEffects":true,"showParticleSystems":true},"in2DMode":false,"pivot":{"x":3.9799790382385256,"y":-3.2340521812438967,"z":3.927853584289551},"rotation":{"x":0.22956903278827668,"y":-0.4520722031593323,"z":0.12162213772535324,"w":0.8533147573471069},"size":11.097949028015137,"orthographic":false}