{"cameraMode":{"drawMode":0,"name":"Shaded","section":"Shading Mode"},"sceneLighting":false,"audioPlay":false,"sceneViewState":{"showFog":true,"showMaterialUpdate":false,"showSkybox":true,"showFlares":true,"showImageEffects":true,"showParticleSystems":true},"in2DMode":false,"pivot":{"x":10.991806983947754,"y":6.853753566741943,"z":2.1640625},"rotation":{"x":-0.03748684003949165,"y":0.014989647082984448,"z":0.0005627772770822048,"w":0.9991891384124756},"size":28.649723052978517,"orthographic":true}