{"cameraMode":{"drawMode":0,"name":"Shaded","section":"Shading Mode"},"sceneLighting":false,"audioPlay":false,"sceneViewState":{"showFog":true,"showMaterialUpdate":false,"showSkybox":true,"showFlares":true,"showImageEffects":true,"showParticleSystems":true},"in2DMode":false,"pivot":{"x":0.5420000553131104,"y":0.04999998211860657,"z":0.0},"rotation":{"x":-0.2520448565483093,"y":-0.038607340306043628,"z":0.010064234025776387,"w":-0.9668935537338257},"size":4.442760944366455,"orthographic":true}