{"cameraMode":{"drawMode":0,"name":"Shaded","section":"Shading Mode"},"sceneLighting":true,"audioPlay":false,"sceneViewState":{"showFog":true,"showMaterialUpdate":false,"showSkybox":true,"showFlares":true,"showImageEffects":true,"showParticleSystems":true},"in2DMode":false,"pivot":{"x":10.304931640625,"y":6.079345703125,"z":15.52734375},"rotation":{"x":-0.011998534202575684,"y":0.011998714879155159,"z":0.00015908920613583177,"w":0.9998642802238464},"size":22.122827529907228,"orthographic":true}