{"cameraMode":{"drawMode":0,"name":"Shaded","section":"Shading Mode"},"sceneLighting":false,"audioPlay":false,"sceneViewState":{"showFog":true,"showMaterialUpdate":false,"showSkybox":true,"showFlares":true,"showImageEffects":true,"showParticleSystems":true},"in2DMode":false,"pivot":{"x":11.27587890625,"y":11.11810302734375,"z":3.26953125},"rotation":{"x":0.007496888283640146,"y":0.028495322912931443,"z":-0.0002137182600563392,"w":0.9995660781860352},"size":30.91591453552246,"orthographic":true}